chk_grp,chk_grp_id,chk_item,chk_itm_id,building_type,construction_status,yes,no,unknown,not_applicable,applicable
building_technical_details/s_s,1,building_technical_details/s_s/f_area,4,2,2,2,0,0,0,2
building_technical_details/s_s,1,building_technical_details/s_s/f_area,4,3,4,1,0,0,0,1
building_technical_details/s_s,1,building_technical_details/s_s/f_area,4,5,2,3,0,0,0,3
building_technical_details/s_s,1,building_technical_details/s_s/f_area,4,6,1,3,0,0,0,3
building_technical_details/s_s,1,building_technical_details/s_s/f_area,4,6,2,1,0,0,0,1
building_technical_details/s_s,1,building_technical_details/s_s/l_s_liqfn,7,2,2,2,0,0,0,2
building_technical_details/s_s,1,building_technical_details/s_s/l_s_liqfn,7,3,4,1,0,0,0,1
building_technical_details/s_s,1,building_technical_details/s_s/l_s_liqfn,7,5,2,3,0,0,0,3
building_technical_details/s_s,1,building_technical_details/s_s/l_s_liqfn,7,6,1,3,0,0,0,3
building_technical_details/s_s,1,building_technical_details/s_s/l_s_liqfn,7,6,2,1,0,0,0,1
building_technical_details/s_s,1,building_technical_details/s_s/p_g_f_r_a,1,2,2,2,0,0,0,2
building_technical_details/s_s,1,building_technical_details/s_s/p_g_f_r_a,1,3,4,1,0,0,0,1
building_technical_details/s_s,1,building_technical_details/s_s/p_g_f_r_a,1,5,2,3,0,0,0,3
building_technical_details/s_s,1,building_technical_details/s_s/p_g_f_r_a,1,6,1,3,0,0,0,3
building_technical_details/s_s,1,building_technical_details/s_s/p_g_f_r_a,1,6,2,1,0,0,0,1
building_technical_details/s_s,1,building_technical_details/s_s/r_b_w_l_a,5,2,2,2,0,0,0,2
building_technical_details/s_s,1,building_technical_details/s_s/r_b_w_l_a,5,3,4,1,0,0,0,1
building_technical_details/s_s,1,building_technical_details/s_s/r_b_w_l_a,5,5,2,3,0,0,0,3
building_technical_details/s_s,1,building_technical_details/s_s/r_b_w_l_a,5,6,1,3,0,0,0,3
building_technical_details/s_s,1,building_technical_details/s_s/r_b_w_l_a,5,6,2,1,0,0,0,1
building_technical_details/s_s,1,building_technical_details/s_s/s_f_area,6,2,2,2,0,0,0,2
building_technical_details/s_s,1,building_technical_details/s_s/s_f_area,6,3,4,1,0,0,0,1
building_technical_details/s_s,1,building_technical_details/s_s/s_f_area,6,5,2,3,0,0,0,3
building_technical_details/s_s,1,building_technical_details/s_s/s_f_area,6,6,1,3,0,0,0,3
building_technical_details/s_s,1,building_technical_details/s_s/s_f_area,6,6,2,1,0,0,0,1
building_technical_details/s_s,1,building_technical_details/s_s/s_s_20,3,2,2,2,0,0,0,2
building_technical_details/s_s,1,building_technical_details/s_s/s_s_20,3,3,4,1,0,0,0,1
building_technical_details/s_s,1,building_technical_details/s_s/s_s_20,3,5,2,3,0,0,0,3
building_technical_details/s_s,1,building_technical_details/s_s/s_s_20,3,6,1,3,0,0,0,3
building_technical_details/s_s,1,building_technical_details/s_s/s_s_20,3,6,2,1,0,0,0,1
building_technical_details/s_s,1,building_technical_details/s_s/s_t_l,2,2,2,1,1,0,0,2
building_technical_details/s_s,1,building_technical_details/s_s/s_t_l,2,3,4,1,0,0,0,1
building_technical_details/s_s,1,building_technical_details/s_s/s_t_l,2,5,2,2,1,0,0,3
building_technical_details/s_s,1,building_technical_details/s_s/s_t_l,2,6,1,2,1,0,0,3
building_technical_details/s_s,1,building_technical_details/s_s/s_t_l,2,6,2,1,0,0,0,1
building_technical_details/l_s_s_b_layout/s_o_h,2,building_technical_details/l_s_s_b_layout/bldg_ht_p_ga,13,2,2,0,0,0,2,0
building_technical_details/l_s_s_b_layout/s_o_h,2,building_technical_details/l_s_s_b_layout/bldg_ht_p_ga,13,3,4,0,0,0,1,0
building_technical_details/l_s_s_b_layout/s_o_h,2,building_technical_details/l_s_s_b_layout/bldg_ht_p_ga,13,5,2,0,0,0,3,0
building_technical_details/l_s_s_b_layout/s_o_h,2,building_technical_details/l_s_s_b_layout/bldg_ht_p_ga,13,6,1,3,0,0,0,3
building_technical_details/l_s_s_b_layout/s_o_h,2,building_technical_details/l_s_s_b_layout/bldg_ht_p_ga,13,6,2,1,0,0,0,1
building_technical_details/l_s_s_b_layout/s_o_h,2,building_technical_details/l_s_s_b_layout/lngt_house,14,2,2,2,0,0,0,2
building_technical_details/l_s_s_b_layout/s_o_h,2,building_technical_details/l_s_s_b_layout/lngt_house,14,3,4,1,0,0,0,1
building_technical_details/l_s_s_b_layout/s_o_h,2,building_technical_details/l_s_s_b_layout/lngt_house,14,5,2,3,0,0,0,3
building_technical_details/l_s_s_b_layout/s_o_h,2,building_technical_details/l_s_s_b_layout/lngt_house,14,6,1,3,0,0,0,3
building_technical_details/l_s_s_b_layout/s_o_h,2,building_technical_details/l_s_s_b_layout/lngt_house,14,6,2,1,0,0,0,1
building_technical_details/l_s_s_b_layout/s_o_h,2,building_technical_details/l_s_s_b_layout/no_bye_p_ga,12,2,2,0,0,0,2,0
building_technical_details/l_s_s_b_layout/s_o_h,2,building_technical_details/l_s_s_b_layout/no_bye_p_ga,12,3,4,0,0,0,1,0
building_technical_details/l_s_s_b_layout/s_o_h,2,building_technical_details/l_s_s_b_layout/no_bye_p_ga,12,5,2,0,0,0,3,0
building_technical_details/l_s_s_b_layout/s_o_h,2,building_technical_details/l_s_s_b_layout/no_bye_p_ga,12,6,1,3,0,0,0,3
building_technical_details/l_s_s_b_layout/s_o_h,2,building_technical_details/l_s_s_b_layout/no_bye_p_ga,12,6,2,1,0,0,0,1
building_technical_details/l_s_s_b_layout/s_o_h,2,building_technical_details/l_s_s_b_layout/no_stry_bmm,9,2,2,0,0,0,2,0
building_technical_details/l_s_s_b_layout/s_o_h,2,building_technical_details/l_s_s_b_layout/no_stry_bmm,9,3,4,0,0,0,1,0
building_technical_details/l_s_s_b_layout/s_o_h,2,building_technical_details/l_s_s_b_layout/no_stry_bmm,9,5,2,0,0,0,3,0
building_technical_details/l_s_s_b_layout/s_o_h,2,building_technical_details/l_s_s_b_layout/no_stry_bmm,9,6,1,0,0,0,3,0
building_technical_details/l_s_s_b_layout/s_o_h,2,building_technical_details/l_s_s_b_layout/no_stry_bmm,9,6,2,0,0,0,1,0
building_technical_details/l_s_s_b_layout/s_o_h,2,building_technical_details/l_s_s_b_layout/no_stry_p_ga,11,2,2,0,0,0,2,0
building_technical_details/l_s_s_b_layout/s_o_h,2,building_technical_details/l_s_s_b_layout/no_stry_p_ga,11,3,4,0,0,0,1,0
building_technical_details/l_s_s_b_layout/s_o_h,2,building_technical_details/l_s_s_b_layout/no_stry_p_ga,11,5,2,0,0,0,3,0
building_technical_details/l_s_s_b_layout/s_o_h,2,building_technical_details/l_s_s_b_layout/no_stry_p_ga,11,6,1,0,0,0,3,0
building_technical_details/l_s_s_b_layout/s_o_h,2,building_technical_details/l_s_s_b_layout/no_stry_p_ga,11,6,2,0,0,0,1,0
building_technical_details/l_s_s_b_layout/s_o_h,2,building_technical_details/l_s_s_b_layout/no_stry_smc,10,2,2,0,0,0,2,0
building_technical_details/l_s_s_b_layout/s_o_h,2,building_technical_details/l_s_s_b_layout/no_stry_smc,10,3,4,1,0,0,0,1
building_technical_details/l_s_s_b_layout/s_o_h,2,building_technical_details/l_s_s_b_layout/no_stry_smc,10,5,2,0,0,0,3,0
building_technical_details/l_s_s_b_layout/s_o_h,2,building_technical_details/l_s_s_b_layout/no_stry_smc,10,6,1,0,0,0,3,0
building_technical_details/l_s_s_b_layout/s_o_h,2,building_technical_details/l_s_s_b_layout/no_stry_smc,10,6,2,0,0,0,1,0
building_technical_details/l_s_s_b_layout/c_l_fnd,3,building_technical_details/l_s_s_b_layout/fnd_dpth_least_smm,21,2,2,2,0,0,0,2
building_technical_details/l_s_s_b_layout/c_l_fnd,3,building_technical_details/l_s_s_b_layout/fnd_dpth_least_smm,21,3,4,0,0,0,1,0
building_technical_details/l_s_s_b_layout/c_l_fnd,3,building_technical_details/l_s_s_b_layout/fnd_dpth_least_smm,21,5,2,0,0,0,3,0
building_technical_details/l_s_s_b_layout/c_l_fnd,3,building_technical_details/l_s_s_b_layout/fnd_dpth_least_smm,21,6,1,0,0,0,3,0
building_technical_details/l_s_s_b_layout/c_l_fnd,3,building_technical_details/l_s_s_b_layout/fnd_dpth_least_smm,21,6,2,0,0,0,1,0
building_technical_details/l_s_s_b_layout/c_l_fnd,3,building_technical_details/l_s_s_b_layout/fnd_flt_area,20,2,2,1,0,1,0,2
building_technical_details/l_s_s_b_layout/c_l_fnd,3,building_technical_details/l_s_s_b_layout/fnd_flt_area,20,3,4,1,0,0,0,1
building_technical_details/l_s_s_b_layout/c_l_fnd,3,building_technical_details/l_s_s_b_layout/fnd_flt_area,20,5,2,2,1,0,0,3
building_technical_details/l_s_s_b_layout/c_l_fnd,3,building_technical_details/l_s_s_b_layout/fnd_flt_area,20,6,1,2,1,0,0,3
building_technical_details/l_s_s_b_layout/c_l_fnd,3,building_technical_details/l_s_s_b_layout/fnd_flt_area,20,6,2,1,0,0,0,1
building_technical_details/l_s_s_b_layout/s_o_h,2,building_technical_details/l_s_s_b_layout/area_huse,18,2,2,2,0,0,0,2
building_technical_details/l_s_s_b_layout/s_o_h,2,building_technical_details/l_s_s_b_layout/area_huse,18,3,4,1,0,0,0,1
building_technical_details/l_s_s_b_layout/s_o_h,2,building_technical_details/l_s_s_b_layout/area_huse,18,5,2,3,0,0,0,3
building_technical_details/l_s_s_b_layout/s_o_h,2,building_technical_details/l_s_s_b_layout/area_huse,18,6,1,2,1,0,0,3
building_technical_details/l_s_s_b_layout/s_o_h,2,building_technical_details/l_s_s_b_layout/area_huse,18,6,2,1,0,0,0,1
building_technical_details/l_s_s_b_layout/s_o_h,2,building_technical_details/l_s_s_b_layout/area_rm,16,2,2,1,1,0,0,2
building_technical_details/l_s_s_b_layout/s_o_h,2,building_technical_details/l_s_s_b_layout/area_rm,16,3,4,0,1,0,0,1
building_technical_details/l_s_s_b_layout/s_o_h,2,building_technical_details/l_s_s_b_layout/area_rm,16,5,2,3,0,0,0,3
building_technical_details/l_s_s_b_layout/s_o_h,2,building_technical_details/l_s_s_b_layout/area_rm,16,6,1,0,0,0,3,0
building_technical_details/l_s_s_b_layout/s_o_h,2,building_technical_details/l_s_s_b_layout/area_rm,16,6,2,0,0,0,1,0
building_technical_details/l_s_s_b_layout/s_o_h,2,building_technical_details/l_s_s_b_layout/area_rm_p_ga,17,2,2,0,0,0,2,0
building_technical_details/l_s_s_b_layout/s_o_h,2,building_technical_details/l_s_s_b_layout/area_rm_p_ga,17,3,4,0,0,0,1,0
building_technical_details/l_s_s_b_layout/s_o_h,2,building_technical_details/l_s_s_b_layout/area_rm_p_ga,17,5,2,0,0,0,3,0
building_technical_details/l_s_s_b_layout/s_o_h,2,building_technical_details/l_s_s_b_layout/area_rm_p_ga,17,6,1,3,0,0,0,3
building_technical_details/l_s_s_b_layout/s_o_h,2,building_technical_details/l_s_s_b_layout/area_rm_p_ga,17,6,2,1,0,0,0,1
building_technical_details/l_s_s_b_layout/s_o_h,2,building_technical_details/l_s_s_b_layout/stry_ht_p_ga,19,2,2,0,0,0,2,0
building_technical_details/l_s_s_b_layout/s_o_h,2,building_technical_details/l_s_s_b_layout/stry_ht_p_ga,19,3,4,0,0,0,1,0
building_technical_details/l_s_s_b_layout/s_o_h,2,building_technical_details/l_s_s_b_layout/stry_ht_p_ga,19,5,2,0,0,0,3,0
building_technical_details/l_s_s_b_layout/s_o_h,2,building_technical_details/l_s_s_b_layout/stry_ht_p_ga,19,6,1,3,0,0,0,3
building_technical_details/l_s_s_b_layout/s_o_h,2,building_technical_details/l_s_s_b_layout/stry_ht_p_ga,19,6,2,1,0,0,0,1
building_technical_details/l_s_s_b_layout/c_l_fnd,3,building_technical_details/l_s_s_b_layout/fnd_wdth_least_bmc,26,2,2,0,0,0,2,0
building_technical_details/l_s_s_b_layout/c_l_fnd,3,building_technical_details/l_s_s_b_layout/fnd_wdth_least_bmc,26,3,4,0,0,0,1,0
building_technical_details/l_s_s_b_layout/c_l_fnd,3,building_technical_details/l_s_s_b_layout/fnd_wdth_least_bmc,26,5,2,3,0,0,0,3
building_technical_details/l_s_s_b_layout/c_l_fnd,3,building_technical_details/l_s_s_b_layout/fnd_wdth_least_bmc,26,6,1,0,0,0,3,0
building_technical_details/l_s_s_b_layout/c_l_fnd,3,building_technical_details/l_s_s_b_layout/fnd_wdth_least_bmc,26,6,2,0,0,0,1,0
building_technical_details/l_s_s_b_layout/c_l_fnd,3,building_technical_details/l_s_s_b_layout/fnd_wdth_least_bmm,24,2,2,0,0,0,2,0
building_technical_details/l_s_s_b_layout/c_l_fnd,3,building_technical_details/l_s_s_b_layout/fnd_wdth_least_bmm,24,3,4,0,0,0,1,0
building_technical_details/l_s_s_b_layout/c_l_fnd,3,building_technical_details/l_s_s_b_layout/fnd_wdth_least_bmm,24,5,2,0,0,0,3,0
building_technical_details/l_s_s_b_layout/c_l_fnd,3,building_technical_details/l_s_s_b_layout/fnd_wdth_least_bmm,24,6,1,0,0,0,3,0
building_technical_details/l_s_s_b_layout/c_l_fnd,3,building_technical_details/l_s_s_b_layout/fnd_wdth_least_bmm,24,6,2,0,0,0,1,0
building_technical_details/l_s_s_b_layout/c_l_fnd,3,building_technical_details/l_s_s_b_layout/fnd_wdth_least_smc,25,2,2,0,0,0,2,0
building_technical_details/l_s_s_b_layout/c_l_fnd,3,building_technical_details/l_s_s_b_layout/fnd_wdth_least_smc,25,3,4,1,0,0,0,1
building_technical_details/l_s_s_b_layout/c_l_fnd,3,building_technical_details/l_s_s_b_layout/fnd_wdth_least_smc,25,5,2,0,0,0,3,0
building_technical_details/l_s_s_b_layout/c_l_fnd,3,building_technical_details/l_s_s_b_layout/fnd_wdth_least_smc,25,6,1,0,0,0,3,0
building_technical_details/l_s_s_b_layout/c_l_fnd,3,building_technical_details/l_s_s_b_layout/fnd_wdth_least_smc,25,6,2,0,0,0,1,0
building_technical_details/l_s_s_b_layout/c_l_fnd,3,building_technical_details/l_s_s_b_layout/fnd_wdth_least_smm,23,2,2,2,0,0,0,2
building_technical_details/l_s_s_b_layout/c_l_fnd,3,building_technical_details/l_s_s_b_layout/fnd_wdth_least_smm,23,3,4,0,0,0,1,0
building_technical_details/l_s_s_b_layout/c_l_fnd,3,building_technical_details/l_s_s_b_layout/fnd_wdth_least_smm,23,5,2,0,0,0,3,0
building_technical_details/l_s_s_b_layout/c_l_fnd,3,building_technical_details/l_s_s_b_layout/fnd_wdth_least_smm,23,6,1,0,0,0,3,0
building_technical_details/l_s_s_b_layout/c_l_fnd,3,building_technical_details/l_s_s_b_layout/fnd_wdth_least_smm,23,6,2,0,0,0,1,0
building_technical_details/l_s_s_b_layout/c_l_fnd,3,building_technical_details/p_g_fnd/c_l_p_g_fnd_dpth,27,2,2,0,0,0,2,0
building_technical_details/l_s_s_b_layout/c_l_fnd,3,building_technical_details/p_g_fnd/c_l_p_g_fnd_dpth,27,3,4,0,0,0,1,0
building_technical_details/l_s_s_b_layout/c_l_fnd,3,building_technical_details/p_g_fnd/c_l_p_g_fnd_dpth,27,5,2,0,0,0,3,0
building_technical_details/l_s_s_b_layout/c_l_fnd,3,building_technical_details/p_g_fnd/c_l_p_g_fnd_dpth,27,6,1,3,0,0,0,3
building_technical_details/l_s_s_b_layout/c_l_fnd,3,building_technical_details/p_g_fnd/c_l_p_g_fnd_dpth,27,6,2,1,0,0,0,1
building_technical_details/l_s_s_b_layout/c_l_fnd,3,building_technical_details/p_g_fnd/c_l_p_g_fnd_wdh_cr,28,2,2,0,0,0,2,0
building_technical_details/l_s_s_b_layout/c_l_fnd,3,building_technical_details/p_g_fnd/c_l_p_g_fnd_wdh_cr,28,3,4,0,0,0,1,0
building_technical_details/l_s_s_b_layout/c_l_fnd,3,building_technical_details/p_g_fnd/c_l_p_g_fnd_wdh_cr,28,5,2,0,0,0,3,0
building_technical_details/l_s_s_b_layout/c_l_fnd,3,building_technical_details/p_g_fnd/c_l_p_g_fnd_wdh_cr,28,6,1,2,0,1,0,3
building_technical_details/l_s_s_b_layout/c_l_fnd,3,building_technical_details/p_g_fnd/c_l_p_g_fnd_wdh_cr,28,6,2,1,0,0,0,1
building_technical_details/l_s_s_b_layout/c_l_fnd,3,building_technical_details/p_g_fnd/c_l_p_g_fnd_wdh_c,30,2,2,0,0,0,2,0
building_technical_details/l_s_s_b_layout/c_l_fnd,3,building_technical_details/p_g_fnd/c_l_p_g_fnd_wdh_c,30,3,4,0,0,0,1,0
building_technical_details/l_s_s_b_layout/c_l_fnd,3,building_technical_details/p_g_fnd/c_l_p_g_fnd_wdh_c,30,5,2,0,0,0,3,0
building_technical_details/l_s_s_b_layout/c_l_fnd,3,building_technical_details/p_g_fnd/c_l_p_g_fnd_wdh_c,30,6,1,1,2,0,0,3
building_technical_details/l_s_s_b_layout/c_l_fnd,3,building_technical_details/p_g_fnd/c_l_p_g_fnd_wdh_c,30,6,2,1,0,0,0,1
building_technical_details/l_s_s_b_layout/c_l_fnd,3,building_technical_details/p_g_fnd/c_l_p_g_ftg_t_bm,31,2,2,0,0,0,2,0
building_technical_details/l_s_s_b_layout/c_l_fnd,3,building_technical_details/p_g_fnd/c_l_p_g_ftg_t_bm,31,3,4,0,0,0,1,0
building_technical_details/l_s_s_b_layout/c_l_fnd,3,building_technical_details/p_g_fnd/c_l_p_g_ftg_t_bm,31,5,2,0,0,0,3,0
building_technical_details/l_s_s_b_layout/c_l_fnd,3,building_technical_details/p_g_fnd/c_l_p_g_ftg_t_bm,31,6,1,3,0,0,0,3
building_technical_details/l_s_s_b_layout/c_l_fnd,3,building_technical_details/p_g_fnd/c_l_p_g_ftg_t_bm,31,6,2,1,0,0,0,1
building_technical_details/l_s_s_b_layout/c_l_fnd,3,building_technical_details/p_g_fnd/c_l_p_g_ftg_thckns,32,2,2,0,0,0,2,0
building_technical_details/l_s_s_b_layout/c_l_fnd,3,building_technical_details/p_g_fnd/c_l_p_g_ftg_thckns,32,3,4,0,0,0,1,0
building_technical_details/l_s_s_b_layout/c_l_fnd,3,building_technical_details/p_g_fnd/c_l_p_g_ftg_thckns,32,5,2,0,0,0,3,0
building_technical_details/l_s_s_b_layout/c_l_fnd,3,building_technical_details/p_g_fnd/c_l_p_g_ftg_thckns,32,6,1,3,0,0,0,3
building_technical_details/l_s_s_b_layout/c_l_fnd,3,building_technical_details/p_g_fnd/c_l_p_g_ftg_thckns,32,6,2,1,0,0,0,1
building_technical_details/l_s_s_b_layout/c_l_plinth,4,building_technical_details/l_s_s_b_layout/c_l_plinth_g_l,33,2,2,1,1,0,0,2
building_technical_details/l_s_s_b_layout/c_l_plinth,4,building_technical_details/l_s_s_b_layout/c_l_plinth_g_l,33,3,4,0,1,0,0,1
building_technical_details/l_s_s_b_layout/c_l_plinth,4,building_technical_details/l_s_s_b_layout/c_l_plinth_g_l,33,5,2,2,1,0,0,3
building_technical_details/l_s_s_b_layout/c_l_plinth,4,building_technical_details/l_s_s_b_layout/c_l_plinth_g_l,33,6,1,0,0,0,3,0
building_technical_details/l_s_s_b_layout/c_l_plinth,4,building_technical_details/l_s_s_b_layout/c_l_plinth_g_l,33,6,2,0,0,0,1,0
building_technical_details/l_s_s_b_layout/c_l_plinth,4,building_technical_details/p_g_pnth_bm/c_l_p_g_ftg_p_bm,35,2,2,0,0,0,2,0
building_technical_details/l_s_s_b_layout/c_l_plinth,4,building_technical_details/p_g_pnth_bm/c_l_p_g_ftg_p_bm,35,3,4,0,0,0,1,0
building_technical_details/l_s_s_b_layout/c_l_plinth,4,building_technical_details/p_g_pnth_bm/c_l_p_g_ftg_p_bm,35,5,2,0,0,0,3,0
building_technical_details/l_s_s_b_layout/c_l_plinth,4,building_technical_details/p_g_pnth_bm/c_l_p_g_ftg_p_bm,35,6,1,2,0,1,0,3
building_technical_details/l_s_s_b_layout/c_l_plinth,4,building_technical_details/p_g_pnth_bm/c_l_p_g_ftg_p_bm,35,6,2,1,0,0,0,1
building_technical_details/l_s_s_b_layout/c_l_plinth,4,building_technical_details/p_g_pnth_bm/c_l_p_g_plnth_hght_g_l,34,2,2,0,0,0,2,0
building_technical_details/l_s_s_b_layout/c_l_plinth,4,building_technical_details/p_g_pnth_bm/c_l_p_g_plnth_hght_g_l,34,3,4,0,0,0,1,0
building_technical_details/l_s_s_b_layout/c_l_plinth,4,building_technical_details/p_g_pnth_bm/c_l_p_g_plnth_hght_g_l,34,5,2,0,0,0,3,0
building_technical_details/l_s_s_b_layout/c_l_plinth,4,building_technical_details/p_g_pnth_bm/c_l_p_g_plnth_hght_g_l,34,6,1,1,1,1,0,3
building_technical_details/l_s_s_b_layout/c_l_plinth,4,building_technical_details/p_g_pnth_bm/c_l_p_g_plnth_hght_g_l,34,6,2,1,0,0,0,1
building_technical_details/l_s_s_b_layout/c_l_plinth,4,building_technical_details/p_g_pnth_bm/c_l_p_g_bar_lpg,37,2,2,0,0,0,2,0
building_technical_details/l_s_s_b_layout/c_l_plinth,4,building_technical_details/p_g_pnth_bm/c_l_p_g_bar_lpg,37,3,4,0,0,0,1,0
building_technical_details/l_s_s_b_layout/c_l_plinth,4,building_technical_details/p_g_pnth_bm/c_l_p_g_bar_lpg,37,5,2,0,0,0,3,0
building_technical_details/l_s_s_b_layout/c_l_plinth,4,building_technical_details/p_g_pnth_bm/c_l_p_g_bar_lpg,37,6,1,1,1,1,0,3
building_technical_details/l_s_s_b_layout/c_l_plinth,4,building_technical_details/p_g_pnth_bm/c_l_p_g_bar_lpg,37,6,2,1,0,0,0,1
building_technical_details/p_g_pillar,5,building_technical_details/p_g_pillar/c_l_p_g_colm_rnf,40,2,2,0,0,0,2,0
building_technical_details/p_g_pillar,5,building_technical_details/p_g_pillar/c_l_p_g_colm_rnf,40,3,4,0,0,0,1,0
building_technical_details/p_g_pillar,5,building_technical_details/p_g_pillar/c_l_p_g_colm_rnf,40,5,2,0,0,0,3,0
building_technical_details/p_g_pillar,5,building_technical_details/p_g_pillar/c_l_p_g_colm_rnf,40,6,1,2,0,1,0,3
building_technical_details/p_g_pillar,5,building_technical_details/p_g_pillar/c_l_p_g_colm_rnf,40,6,2,1,0,0,0,1
building_technical_details/p_g_pillar,5,building_technical_details/p_g_pillar/c_l_p_g_pillar_lpg,42,2,2,0,0,0,2,0
building_technical_details/p_g_pillar,5,building_technical_details/p_g_pillar/c_l_p_g_pillar_lpg,42,3,4,0,0,0,1,0
building_technical_details/p_g_pillar,5,building_technical_details/p_g_pillar/c_l_p_g_pillar_lpg,42,5,2,0,0,0,3,0
building_technical_details/p_g_pillar,5,building_technical_details/p_g_pillar/c_l_p_g_pillar_lpg,42,6,1,2,1,0,0,3
building_technical_details/p_g_pillar,5,building_technical_details/p_g_pillar/c_l_p_g_pillar_lpg,42,6,2,0,1,0,0,1
building_technical_details/p_g_pillar,5,building_technical_details/p_g_pillar/c_l_p_g_pillar_st_lne,38,2,2,0,0,0,2,0
building_technical_details/p_g_pillar,5,building_technical_details/p_g_pillar/c_l_p_g_pillar_st_lne,38,3,4,0,0,0,1,0
building_technical_details/p_g_pillar,5,building_technical_details/p_g_pillar/c_l_p_g_pillar_st_lne,38,5,2,0,0,0,3,0
building_technical_details/p_g_pillar,5,building_technical_details/p_g_pillar/c_l_p_g_pillar_st_lne,38,6,1,2,1,0,0,3
building_technical_details/p_g_pillar,5,building_technical_details/p_g_pillar/c_l_p_g_pillar_st_lne,38,6,2,1,0,0,0,1
building_technical_details/p_g_pillar,5,building_technical_details/p_g_pillar/c_l_p_g_pillar_sz,39,2,2,0,0,0,2,0
building_technical_details/p_g_pillar,5,building_technical_details/p_g_pillar/c_l_p_g_pillar_sz,39,3,4,0,0,0,1,0
building_technical_details/p_g_pillar,5,building_technical_details/p_g_pillar/c_l_p_g_pillar_sz,39,5,2,0,0,0,3,0
building_technical_details/p_g_pillar,5,building_technical_details/p_g_pillar/c_l_p_g_pillar_sz,39,6,1,3,0,0,0,3
building_technical_details/p_g_pillar,5,building_technical_details/p_g_pillar/c_l_p_g_pillar_sz,39,6,2,1,0,0,0,1
building_technical_details/p_g_pillar,5,building_technical_details/p_g_pillar/c_l_p_g_strup_dist,41,2,2,0,0,0,2,0
building_technical_details/p_g_pillar,5,building_technical_details/p_g_pillar/c_l_p_g_strup_dist,41,3,4,0,0,0,1,0
building_technical_details/p_g_pillar,5,building_technical_details/p_g_pillar/c_l_p_g_strup_dist,41,5,2,0,0,0,3,0
building_technical_details/p_g_pillar,5,building_technical_details/p_g_pillar/c_l_p_g_strup_dist,41,6,1,1,1,1,0,3
building_technical_details/p_g_pillar,5,building_technical_details/p_g_pillar/c_l_p_g_strup_dist,41,6,2,1,0,0,0,1
building_technical_details/p_g_bm/p_g_bm_sz,6,building_technical_details/p_g_bm/c_l_p_g_bm_dl,48,2,2,0,0,0,2,0
building_technical_details/p_g_bm/p_g_bm_sz,6,building_technical_details/p_g_bm/c_l_p_g_bm_dl,48,3,4,0,0,0,1,0
building_technical_details/p_g_bm/p_g_bm_sz,6,building_technical_details/p_g_bm/c_l_p_g_bm_dl,48,5,2,0,0,0,3,0
building_technical_details/p_g_bm/p_g_bm_sz,6,building_technical_details/p_g_bm/c_l_p_g_bm_dl,48,6,1,0,0,0,3,0
building_technical_details/p_g_bm/p_g_bm_sz,6,building_technical_details/p_g_bm/c_l_p_g_bm_dl,48,6,2,1,0,0,0,1
building_technical_details/p_g_bm/p_g_bm_sz,6,building_technical_details/p_g_bm/c_l_p_g_bm_lpng,46,2,2,0,0,0,2,0
building_technical_details/p_g_bm/p_g_bm_sz,6,building_technical_details/p_g_bm/c_l_p_g_bm_lpng,46,3,4,0,0,0,1,0
building_technical_details/p_g_bm/p_g_bm_sz,6,building_technical_details/p_g_bm/c_l_p_g_bm_lpng,46,5,2,0,0,0,3,0
building_technical_details/p_g_bm/p_g_bm_sz,6,building_technical_details/p_g_bm/c_l_p_g_bm_lpng,46,6,1,0,0,0,3,0
building_technical_details/p_g_bm/p_g_bm_sz,6,building_technical_details/p_g_bm/c_l_p_g_bm_lpng,46,6,2,1,0,0,0,1
building_technical_details/p_g_bm/p_g_bm_sz,6,building_technical_details/p_g_bm/c_l_p_g_bm_strp,45,2,2,0,0,0,2,0
building_technical_details/p_g_bm/p_g_bm_sz,6,building_technical_details/p_g_bm/c_l_p_g_bm_strp,45,3,4,0,0,0,1,0
building_technical_details/p_g_bm/p_g_bm_sz,6,building_technical_details/p_g_bm/c_l_p_g_bm_strp,45,5,2,0,0,0,3,0
building_technical_details/p_g_bm/p_g_bm_sz,6,building_technical_details/p_g_bm/c_l_p_g_bm_strp,45,6,1,0,0,0,3,0
building_technical_details/p_g_bm/p_g_bm_sz,6,building_technical_details/p_g_bm/c_l_p_g_bm_strp,45,6,2,1,0,0,0,1
building_technical_details/p_g_bm/p_g_bm_sz,6,building_technical_details/p_g_bm/c_l_p_g_bm_strp_jnt,49,2,2,0,0,0,2,0
building_technical_details/p_g_bm/p_g_bm_sz,6,building_technical_details/p_g_bm/c_l_p_g_bm_strp_jnt,49,3,4,0,0,0,1,0
building_technical_details/p_g_bm/p_g_bm_sz,6,building_technical_details/p_g_bm/c_l_p_g_bm_strp_jnt,49,5,2,0,0,0,3,0
building_technical_details/p_g_bm/p_g_bm_sz,6,building_technical_details/p_g_bm/c_l_p_g_bm_strp_jnt,49,6,1,0,0,0,3,0
building_technical_details/p_g_bm/p_g_bm_sz,6,building_technical_details/p_g_bm/c_l_p_g_bm_strp_jnt,49,6,2,1,0,0,0,1
building_technical_details/p_g_bm/p_g_bm_sz,6,building_technical_details/p_g_bm/c_l_p_g_bm_sz,44,2,2,0,0,0,2,0
building_technical_details/p_g_bm/p_g_bm_sz,6,building_technical_details/p_g_bm/c_l_p_g_bm_sz,44,3,4,0,0,0,1,0
building_technical_details/p_g_bm/p_g_bm_sz,6,building_technical_details/p_g_bm/c_l_p_g_bm_sz,44,5,2,0,0,0,3,0
building_technical_details/p_g_bm/p_g_bm_sz,6,building_technical_details/p_g_bm/c_l_p_g_bm_sz,44,6,1,0,0,0,3,0
building_technical_details/p_g_bm/p_g_bm_sz,6,building_technical_details/p_g_bm/c_l_p_g_bm_sz,44,6,2,1,0,0,0,1
building_technical_details/p_g_bm/p_g_bm_sz,6,building_technical_details/p_g_bm/c_l_p_g_bm_sz_clm,47,2,2,0,0,0,2,0
building_technical_details/p_g_bm/p_g_bm_sz,6,building_technical_details/p_g_bm/c_l_p_g_bm_sz_clm,47,3,4,0,0,0,1,0
building_technical_details/p_g_bm/p_g_bm_sz,6,building_technical_details/p_g_bm/c_l_p_g_bm_sz_clm,47,5,2,0,0,0,3,0
building_technical_details/p_g_bm/p_g_bm_sz,6,building_technical_details/p_g_bm/c_l_p_g_bm_sz_clm,47,6,1,0,0,0,3,0
building_technical_details/p_g_bm/p_g_bm_sz,6,building_technical_details/p_g_bm/c_l_p_g_bm_sz_clm,47,6,2,1,0,0,0,1
building_technical_details/pl_band_y_n,8,building_technical_details/pl_band/c_l_p_b_rein,55,2,2,1,0,0,1,1
building_technical_details/pl_band_y_n,8,building_technical_details/pl_band/c_l_p_b_rein,55,3,4,1,0,0,0,1
building_technical_details/pl_band_y_n,8,building_technical_details/pl_band/c_l_p_b_rein,55,5,2,3,0,0,0,3
building_technical_details/pl_band_y_n,8,building_technical_details/pl_band/c_l_p_b_rein,55,6,1,0,0,0,3,0
building_technical_details/pl_band_y_n,8,building_technical_details/pl_band/c_l_p_b_rein,55,6,2,0,0,0,1,0
building_technical_details/pl_band_y_n,8,building_technical_details/pl_band/c_l_p_b_thk,54,2,2,2,0,0,0,2
building_technical_details/pl_band_y_n,8,building_technical_details/pl_band/c_l_p_b_thk,54,3,4,1,0,0,0,1
building_technical_details/pl_band_y_n,8,building_technical_details/pl_band/c_l_p_b_thk,54,5,2,3,0,0,0,3
building_technical_details/pl_band_y_n,8,building_technical_details/pl_band/c_l_p_b_thk,54,6,1,0,0,0,3,0
building_technical_details/pl_band_y_n,8,building_technical_details/pl_band/c_l_p_b_thk,54,6,2,0,0,0,1,0
building_technical_details/pl_band_y_n,8,building_technical_details/pl_band/c_l_p_b_wdh,56,2,2,2,0,0,0,2
building_technical_details/pl_band_y_n,8,building_technical_details/pl_band/c_l_p_b_wdh,56,3,4,1,0,0,0,1
building_technical_details/pl_band_y_n,8,building_technical_details/pl_band/c_l_p_b_wdh,56,5,2,2,0,1,0,3
building_technical_details/pl_band_y_n,8,building_technical_details/pl_band/c_l_p_b_wdh,56,6,1,0,0,0,3,0
building_technical_details/pl_band_y_n,8,building_technical_details/pl_band/c_l_p_b_wdh,56,6,2,0,0,0,1,0
building_technical_details/v_reinfrc,7,building_technical_details/v_reinfrc/c_l_v_r_laping,52,2,2,1,0,0,1,1
building_technical_details/v_reinfrc,7,building_technical_details/v_reinfrc/c_l_v_r_laping,52,3,4,1,0,0,0,1
building_technical_details/v_reinfrc,7,building_technical_details/v_reinfrc/c_l_v_r_laping,52,5,2,3,0,0,0,3
building_technical_details/v_reinfrc,7,building_technical_details/v_reinfrc/c_l_v_r_laping,52,6,1,0,0,0,3,0
building_technical_details/v_reinfrc,7,building_technical_details/v_reinfrc/c_l_v_r_laping,52,6,2,0,0,0,1,0
building_technical_details/v_reinfrc,7,building_technical_details/v_reinfrc/c_l_v_r_laping_bmc,53,2,2,0,0,0,2,0
building_technical_details/v_reinfrc,7,building_technical_details/v_reinfrc/c_l_v_r_laping_bmc,53,3,4,0,0,0,1,0
building_technical_details/v_reinfrc,7,building_technical_details/v_reinfrc/c_l_v_r_laping_bmc,53,5,2,3,0,0,0,3
building_technical_details/v_reinfrc,7,building_technical_details/v_reinfrc/c_l_v_r_laping_bmc,53,6,1,0,0,0,3,0
building_technical_details/v_reinfrc,7,building_technical_details/v_reinfrc/c_l_v_r_laping_bmc,53,6,2,0,0,0,1,0
building_technical_details/v_reinfrc,7,building_technical_details/v_reinfrc/c_l_v_r_size,51,2,2,2,0,0,0,2
building_technical_details/v_reinfrc,7,building_technical_details/v_reinfrc/c_l_v_r_size,51,3,4,1,0,0,0,1
building_technical_details/v_reinfrc,7,building_technical_details/v_reinfrc/c_l_v_r_size,51,5,2,3,0,0,0,3
building_technical_details/v_reinfrc,7,building_technical_details/v_reinfrc/c_l_v_r_size,51,6,1,0,0,0,3,0
building_technical_details/v_reinfrc,7,building_technical_details/v_reinfrc/c_l_v_r_size,51,6,2,0,0,0,1,0
building_technical_details/avb_pl_lvl/c_l_avb_pl_lvl_wll,9,building_technical_details/avb_pl_lvl/c_l_mrtar_wll,58,2,2,2,0,0,0,2
building_technical_details/avb_pl_lvl/c_l_avb_pl_lvl_wll,9,building_technical_details/avb_pl_lvl/c_l_mrtar_wll,58,3,4,1,0,0,0,1
building_technical_details/avb_pl_lvl/c_l_avb_pl_lvl_wll,9,building_technical_details/avb_pl_lvl/c_l_mrtar_wll,58,5,2,3,0,0,0,3
building_technical_details/avb_pl_lvl/c_l_avb_pl_lvl_wll,9,building_technical_details/avb_pl_lvl/c_l_mrtar_wll,58,6,1,0,0,0,3,0
building_technical_details/avb_pl_lvl/c_l_avb_pl_lvl_wll,9,building_technical_details/avb_pl_lvl/c_l_mrtar_wll,58,6,2,1,0,0,0,1
building_technical_details/avb_pl_lvl/c_l_avb_pl_lvl_wll,9,building_technical_details/avb_pl_lvl/c_l_spcng_wll,59,2,2,2,0,0,0,2
building_technical_details/avb_pl_lvl/c_l_avb_pl_lvl_wll,9,building_technical_details/avb_pl_lvl/c_l_spcng_wll,59,3,4,1,0,0,0,1
building_technical_details/avb_pl_lvl/c_l_avb_pl_lvl_wll,9,building_technical_details/avb_pl_lvl/c_l_spcng_wll,59,5,2,0,0,0,3,0
building_technical_details/avb_pl_lvl/c_l_avb_pl_lvl_wll,9,building_technical_details/avb_pl_lvl/c_l_spcng_wll,59,6,1,0,0,0,3,0
building_technical_details/avb_pl_lvl/c_l_avb_pl_lvl_wll,9,building_technical_details/avb_pl_lvl/c_l_spcng_wll,59,6,2,0,0,0,1,0
building_technical_details/avb_pl_lvl/c_l_avb_pl_lvl_wll,9,building_technical_details/avb_pl_lvl/c_l_thck_wll,60,2,2,1,1,0,0,2
building_technical_details/avb_pl_lvl/c_l_avb_pl_lvl_wll,9,building_technical_details/avb_pl_lvl/c_l_thck_wll,60,3,4,1,0,0,0,1
building_technical_details/avb_pl_lvl/c_l_avb_pl_lvl_wll,9,building_technical_details/avb_pl_lvl/c_l_thck_wll,60,5,2,0,0,0,3,0
building_technical_details/avb_pl_lvl/c_l_avb_pl_lvl_wll,9,building_technical_details/avb_pl_lvl/c_l_thck_wll,60,6,1,0,0,0,3,0
building_technical_details/avb_pl_lvl/c_l_avb_pl_lvl_wll,9,building_technical_details/avb_pl_lvl/c_l_thck_wll,60,6,2,0,0,0,1,0
building_technical_details/avb_pl_lvl/c_l_avb_pl_lvl_wll,9,building_technical_details/avb_pl_lvl/c_l_thck_wll_bmc,63,2,2,0,0,0,2,0
building_technical_details/avb_pl_lvl/c_l_avb_pl_lvl_wll,9,building_technical_details/avb_pl_lvl/c_l_thck_wll_bmc,63,3,4,0,0,0,1,0
building_technical_details/avb_pl_lvl/c_l_avb_pl_lvl_wll,9,building_technical_details/avb_pl_lvl/c_l_thck_wll_bmc,63,5,2,3,0,0,0,3
building_technical_details/avb_pl_lvl/c_l_avb_pl_lvl_wll,9,building_technical_details/avb_pl_lvl/c_l_thck_wll_bmc,63,6,1,0,0,0,3,0
building_technical_details/avb_pl_lvl/c_l_avb_pl_lvl_wll,9,building_technical_details/avb_pl_lvl/c_l_thck_wll_bmc,63,6,2,0,0,0,1,0
building_technical_details/avb_pl_lvl/c_l_avb_pl_lvl_wll,9,building_technical_details/avb_pl_lvl/c_l_thck_wll_bmm,61,2,2,0,0,0,2,0
building_technical_details/avb_pl_lvl/c_l_avb_pl_lvl_wll,9,building_technical_details/avb_pl_lvl/c_l_thck_wll_bmm,61,3,4,0,0,0,1,0
building_technical_details/avb_pl_lvl/c_l_avb_pl_lvl_wll,9,building_technical_details/avb_pl_lvl/c_l_thck_wll_bmm,61,5,2,0,0,0,3,0
building_technical_details/avb_pl_lvl/c_l_avb_pl_lvl_wll,9,building_technical_details/avb_pl_lvl/c_l_thck_wll_bmm,61,6,1,0,0,0,3,0
building_technical_details/avb_pl_lvl/c_l_avb_pl_lvl_wll,9,building_technical_details/avb_pl_lvl/c_l_thck_wll_bmm,61,6,2,0,0,0,1,0
building_technical_details/avb_pl_lvl/c_l_avb_pl_lvl_wll,9,building_technical_details/avb_pl_lvl/c_l_thck_wll_p_g,62,2,2,0,0,0,2,0
building_technical_details/avb_pl_lvl/c_l_avb_pl_lvl_wll,9,building_technical_details/avb_pl_lvl/c_l_thck_wll_p_g,62,3,4,0,0,0,1,0
building_technical_details/avb_pl_lvl/c_l_avb_pl_lvl_wll,9,building_technical_details/avb_pl_lvl/c_l_thck_wll_p_g,62,5,2,0,0,0,3,0
building_technical_details/avb_pl_lvl/c_l_avb_pl_lvl_wll,9,building_technical_details/avb_pl_lvl/c_l_thck_wll_p_g,62,6,1,0,0,0,3,0
building_technical_details/avb_pl_lvl/c_l_avb_pl_lvl_wll,9,building_technical_details/avb_pl_lvl/c_l_thck_wll_p_g,62,6,2,1,0,0,0,1
building_technical_details/avb_pl_lvl/av_p_l_opng,10,building_technical_details/avb_pl_lvl/av_p_l_opng_crnr,67,2,2,2,0,0,0,2
building_technical_details/avb_pl_lvl/av_p_l_opng,10,building_technical_details/avb_pl_lvl/av_p_l_opng_crnr,67,3,4,1,0,0,0,1
building_technical_details/avb_pl_lvl/av_p_l_opng,10,building_technical_details/avb_pl_lvl/av_p_l_opng_crnr,67,5,2,3,0,0,0,3
building_technical_details/avb_pl_lvl/av_p_l_opng,10,building_technical_details/avb_pl_lvl/av_p_l_opng_crnr,67,6,1,0,0,0,3,0
building_technical_details/avb_pl_lvl/av_p_l_opng,10,building_technical_details/avb_pl_lvl/av_p_l_opng_crnr,67,6,2,0,0,0,1,0
building_technical_details/avb_pl_lvl/av_p_l_opng,10,building_technical_details/avb_pl_lvl/av_p_l_opng_lngth,68,2,2,2,0,0,0,2
building_technical_details/avb_pl_lvl/av_p_l_opng,10,building_technical_details/avb_pl_lvl/av_p_l_opng_lngth,68,3,4,0,0,0,1,0
building_technical_details/avb_pl_lvl/av_p_l_opng,10,building_technical_details/avb_pl_lvl/av_p_l_opng_lngth,68,5,2,0,0,0,3,0
building_technical_details/avb_pl_lvl/av_p_l_opng,10,building_technical_details/avb_pl_lvl/av_p_l_opng_lngth,68,6,1,0,0,0,3,0
building_technical_details/avb_pl_lvl/av_p_l_opng,10,building_technical_details/avb_pl_lvl/av_p_l_opng_lngth,68,6,2,0,0,0,1,0
building_technical_details/avb_pl_lvl/av_p_l_opng,10,building_technical_details/avb_pl_lvl/av_p_l_opng_lngth_bmm,70,2,2,0,0,0,2,0
building_technical_details/avb_pl_lvl/av_p_l_opng,10,building_technical_details/avb_pl_lvl/av_p_l_opng_lngth_bmm,70,3,4,0,0,0,1,0
building_technical_details/avb_pl_lvl/av_p_l_opng,10,building_technical_details/avb_pl_lvl/av_p_l_opng_lngth_bmm,70,5,2,0,0,0,3,0
building_technical_details/avb_pl_lvl/av_p_l_opng,10,building_technical_details/avb_pl_lvl/av_p_l_opng_lngth_bmm,70,6,1,0,0,0,3,0
building_technical_details/avb_pl_lvl/av_p_l_opng,10,building_technical_details/avb_pl_lvl/av_p_l_opng_lngth_bmm,70,6,2,0,0,0,1,0
building_technical_details/avb_pl_lvl/av_p_l_opng,10,building_technical_details/avb_pl_lvl/av_p_l_opng_lngth_smc,69,2,2,0,0,0,2,0
building_technical_details/avb_pl_lvl/av_p_l_opng,10,building_technical_details/avb_pl_lvl/av_p_l_opng_lngth_smc,69,3,4,1,0,0,0,1
building_technical_details/avb_pl_lvl/av_p_l_opng,10,building_technical_details/avb_pl_lvl/av_p_l_opng_lngth_smc,69,5,2,3,0,0,0,3
building_technical_details/avb_pl_lvl/av_p_l_opng,10,building_technical_details/avb_pl_lvl/av_p_l_opng_lngth_smc,69,6,1,0,0,0,3,0
building_technical_details/avb_pl_lvl/av_p_l_opng,10,building_technical_details/avb_pl_lvl/av_p_l_opng_lngth_smc,69,6,2,0,0,0,1,0
building_technical_details/avb_pl_lvl/c_l_avb_pl_lvl_wll,9,building_technical_details/avb_pl_lvl/c_l_gabl_wll_smc,66,2,2,1,0,1,0,2
building_technical_details/avb_pl_lvl/c_l_avb_pl_lvl_wll,9,building_technical_details/avb_pl_lvl/c_l_gabl_wll_smc,66,3,4,0,0,1,0,1
building_technical_details/avb_pl_lvl/c_l_avb_pl_lvl_wll,9,building_technical_details/avb_pl_lvl/c_l_gabl_wll_smc,66,5,2,2,0,1,0,3
building_technical_details/avb_pl_lvl/c_l_avb_pl_lvl_wll,9,building_technical_details/avb_pl_lvl/c_l_gabl_wll_smc,66,6,1,0,0,0,3,0
building_technical_details/avb_pl_lvl/c_l_avb_pl_lvl_wll,9,building_technical_details/avb_pl_lvl/c_l_gabl_wll_smc,66,6,2,0,0,0,1,0
building_technical_details/avb_pl_lvl/c_l_avb_pl_lvl_wll,9,building_technical_details/avb_pl_lvl/c_l_ht_wll_btn_smc,65,2,2,2,0,0,0,2
building_technical_details/avb_pl_lvl/c_l_avb_pl_lvl_wll,9,building_technical_details/avb_pl_lvl/c_l_ht_wll_btn_smc,65,3,4,1,0,0,0,1
building_technical_details/avb_pl_lvl/c_l_avb_pl_lvl_wll,9,building_technical_details/avb_pl_lvl/c_l_ht_wll_btn_smc,65,5,2,3,0,0,0,3
building_technical_details/avb_pl_lvl/c_l_avb_pl_lvl_wll,9,building_technical_details/avb_pl_lvl/c_l_ht_wll_btn_smc,65,6,1,0,0,0,3,0
building_technical_details/avb_pl_lvl/c_l_avb_pl_lvl_wll,9,building_technical_details/avb_pl_lvl/c_l_ht_wll_btn_smc,65,6,2,0,0,0,1,0
building_technical_details/avb_pl_lvl/av_p_l_opng,10,building_technical_details/avb_pl_lvl/av_p_l_opng_lntl,72,2,2,2,0,0,0,2
building_technical_details/avb_pl_lvl/av_p_l_opng,10,building_technical_details/avb_pl_lvl/av_p_l_opng_lntl,72,3,4,0,1,0,0,1
building_technical_details/avb_pl_lvl/av_p_l_opng,10,building_technical_details/avb_pl_lvl/av_p_l_opng_lntl,72,5,2,2,1,0,0,3
building_technical_details/avb_pl_lvl/av_p_l_opng,10,building_technical_details/avb_pl_lvl/av_p_l_opng_lntl,72,6,1,0,0,0,3,0
building_technical_details/avb_pl_lvl/av_p_l_opng,10,building_technical_details/avb_pl_lvl/av_p_l_opng_lntl,72,6,2,1,0,0,0,1
building_technical_details/s_bnd_prvd,11,building_technical_details/s_bnd/s_bnd_c_l_lapg,75,2,2,0,0,0,2,0
building_technical_details/s_bnd_prvd,11,building_technical_details/s_bnd/s_bnd_c_l_lapg,75,3,4,1,0,0,0,1
building_technical_details/s_bnd_prvd,11,building_technical_details/s_bnd/s_bnd_c_l_lapg,75,5,2,3,0,0,0,3
building_technical_details/s_bnd_prvd,11,building_technical_details/s_bnd/s_bnd_c_l_lapg,75,6,1,0,0,0,3,0
building_technical_details/s_bnd_prvd,11,building_technical_details/s_bnd/s_bnd_c_l_lapg,75,6,2,1,0,0,0,1
building_technical_details/s_bnd_prvd,11,building_technical_details/s_bnd/s_bnd_c_l_reinfrm,74,2,2,0,0,0,2,0
building_technical_details/s_bnd_prvd,11,building_technical_details/s_bnd/s_bnd_c_l_reinfrm,74,3,4,1,0,0,0,1
building_technical_details/s_bnd_prvd,11,building_technical_details/s_bnd/s_bnd_c_l_reinfrm,74,5,2,2,1,0,0,3
building_technical_details/s_bnd_prvd,11,building_technical_details/s_bnd/s_bnd_c_l_reinfrm,74,6,1,0,0,0,3,0
building_technical_details/s_bnd_prvd,11,building_technical_details/s_bnd/s_bnd_c_l_reinfrm,74,6,2,1,0,0,0,1
building_technical_details/s_bnd_prvd,11,building_technical_details/s_bnd/s_bnd_c_l_thk,73,2,2,1,0,0,1,1
building_technical_details/s_bnd_prvd,11,building_technical_details/s_bnd/s_bnd_c_l_thk,73,3,4,1,0,0,0,1
building_technical_details/s_bnd_prvd,11,building_technical_details/s_bnd/s_bnd_c_l_thk,73,5,2,3,0,0,0,3
building_technical_details/s_bnd_prvd,11,building_technical_details/s_bnd/s_bnd_c_l_thk,73,6,1,0,0,0,3,0
building_technical_details/s_bnd_prvd,11,building_technical_details/s_bnd/s_bnd_c_l_thk,73,6,2,1,0,0,0,1
building_technical_details/stiches_prvsn,12,building_technical_details/stiches/stiches_c_l_rein,77,2,2,0,0,0,2,0
building_technical_details/stiches_prvsn,12,building_technical_details/stiches/stiches_c_l_rein,77,3,4,1,0,0,0,1
building_technical_details/stiches_prvsn,12,building_technical_details/stiches/stiches_c_l_rein,77,5,2,0,0,0,3,0
building_technical_details/stiches_prvsn,12,building_technical_details/stiches/stiches_c_l_rein,77,6,1,0,0,0,3,0
building_technical_details/stiches_prvsn,12,building_technical_details/stiches/stiches_c_l_rein,77,6,2,0,0,0,1,0
building_technical_details/stiches_prvsn,12,building_technical_details/stiches/stiches_c_l_thck,76,2,2,1,0,0,1,1
building_technical_details/stiches_prvsn,12,building_technical_details/stiches/stiches_c_l_thck,76,3,4,1,0,0,0,1
building_technical_details/stiches_prvsn,12,building_technical_details/stiches/stiches_c_l_thck,76,5,2,0,0,0,3,0
building_technical_details/stiches_prvsn,12,building_technical_details/stiches/stiches_c_l_thck,76,6,1,0,0,0,3,0
building_technical_details/stiches_prvsn,12,building_technical_details/stiches/stiches_c_l_thck,76,6,2,0,0,0,1,0
building_technical_details/lntl_bnd_prvd,13,building_technical_details/lntl_bnd/lntl_bnd_c_l_lpng,81,2,2,0,0,0,2,0
building_technical_details/lntl_bnd_prvd,13,building_technical_details/lntl_bnd/lntl_bnd_c_l_lpng,81,3,4,1,0,0,0,1
building_technical_details/lntl_bnd_prvd,13,building_technical_details/lntl_bnd/lntl_bnd_c_l_lpng,81,5,2,2,0,0,1,2
building_technical_details/lntl_bnd_prvd,13,building_technical_details/lntl_bnd/lntl_bnd_c_l_lpng,81,6,1,0,0,0,3,0
building_technical_details/lntl_bnd_prvd,13,building_technical_details/lntl_bnd/lntl_bnd_c_l_lpng,81,6,2,1,0,0,0,1
building_technical_details/lntl_bnd_prvd,13,building_technical_details/lntl_bnd/lntl_bnd_c_l_rein,80,2,2,0,0,0,2,0
building_technical_details/lntl_bnd_prvd,13,building_technical_details/lntl_bnd/lntl_bnd_c_l_rein,80,3,4,1,0,0,0,1
building_technical_details/lntl_bnd_prvd,13,building_technical_details/lntl_bnd/lntl_bnd_c_l_rein,80,5,2,2,0,0,1,2
building_technical_details/lntl_bnd_prvd,13,building_technical_details/lntl_bnd/lntl_bnd_c_l_rein,80,6,1,0,0,0,3,0
building_technical_details/lntl_bnd_prvd,13,building_technical_details/lntl_bnd/lntl_bnd_c_l_rein,80,6,2,1,0,0,0,1
building_technical_details/lntl_bnd_prvd,13,building_technical_details/lntl_bnd/lntl_bnd_c_l_thck,79,2,2,1,0,0,1,1
building_technical_details/lntl_bnd_prvd,13,building_technical_details/lntl_bnd/lntl_bnd_c_l_thck,79,3,4,1,0,0,0,1
building_technical_details/lntl_bnd_prvd,13,building_technical_details/lntl_bnd/lntl_bnd_c_l_thck,79,5,2,2,0,0,1,2
building_technical_details/lntl_bnd_prvd,13,building_technical_details/lntl_bnd/lntl_bnd_c_l_thck,79,6,1,0,0,0,3,0
building_technical_details/lntl_bnd_prvd,13,building_technical_details/lntl_bnd/lntl_bnd_c_l_thck,79,6,2,1,0,0,0,1
building_technical_details/rf_bnd_prvd,14,building_technical_details/rf_bnd/rf_bnd_c_l_lapng,84,2,2,0,0,0,2,0
building_technical_details/rf_bnd_prvd,14,building_technical_details/rf_bnd/rf_bnd_c_l_lapng,84,3,4,1,0,0,0,1
building_technical_details/rf_bnd_prvd,14,building_technical_details/rf_bnd/rf_bnd_c_l_lapng,84,5,2,0,0,0,3,0
building_technical_details/rf_bnd_prvd,14,building_technical_details/rf_bnd/rf_bnd_c_l_lapng,84,6,1,0,0,0,3,0
building_technical_details/rf_bnd_prvd,14,building_technical_details/rf_bnd/rf_bnd_c_l_lapng,84,6,2,0,0,0,1,0
building_technical_details/rf_bnd_prvd,14,building_technical_details/rf_bnd/rf_bnd_c_l_rein,83,2,2,0,0,0,2,0
building_technical_details/rf_bnd_prvd,14,building_technical_details/rf_bnd/rf_bnd_c_l_rein,83,3,4,1,0,0,0,1
building_technical_details/rf_bnd_prvd,14,building_technical_details/rf_bnd/rf_bnd_c_l_rein,83,5,2,0,0,0,3,0
building_technical_details/rf_bnd_prvd,14,building_technical_details/rf_bnd/rf_bnd_c_l_rein,83,6,1,0,0,0,3,0
building_technical_details/rf_bnd_prvd,14,building_technical_details/rf_bnd/rf_bnd_c_l_rein,83,6,2,0,0,0,1,0
building_technical_details/rf_bnd_prvd,14,building_technical_details/rf_bnd/rf_bnd_c_l_thck,82,2,2,0,0,0,2,0
building_technical_details/rf_bnd_prvd,14,building_technical_details/rf_bnd/rf_bnd_c_l_thck,82,3,4,1,0,0,0,1
building_technical_details/rf_bnd_prvd,14,building_technical_details/rf_bnd/rf_bnd_c_l_thck,82,5,2,0,0,0,3,0
building_technical_details/rf_bnd_prvd,14,building_technical_details/rf_bnd/rf_bnd_c_l_thck,82,6,1,0,0,0,3,0
building_technical_details/rf_bnd_prvd,14,building_technical_details/rf_bnd/rf_bnd_c_l_thck,82,6,2,0,0,0,1,0
building_technical_details/gbl_bnd_prvd,15,building_technical_details/gbl_bnd/gbl_bnd_c_l_lpng,87,2,2,0,0,0,2,0
building_technical_details/gbl_bnd_prvd,15,building_technical_details/gbl_bnd/gbl_bnd_c_l_lpng,87,3,4,0,0,0,1,0
building_technical_details/gbl_bnd_prvd,15,building_technical_details/gbl_bnd/gbl_bnd_c_l_lpng,87,5,2,0,0,0,3,0
building_technical_details/gbl_bnd_prvd,15,building_technical_details/gbl_bnd/gbl_bnd_c_l_lpng,87,6,1,0,0,0,3,0
building_technical_details/gbl_bnd_prvd,15,building_technical_details/gbl_bnd/gbl_bnd_c_l_lpng,87,6,2,0,0,0,1,0
building_technical_details/gbl_bnd_prvd,15,building_technical_details/gbl_bnd/gbl_bnd_c_l_rein,86,2,2,0,0,0,2,0
building_technical_details/gbl_bnd_prvd,15,building_technical_details/gbl_bnd/gbl_bnd_c_l_rein,86,3,4,0,0,0,1,0
building_technical_details/gbl_bnd_prvd,15,building_technical_details/gbl_bnd/gbl_bnd_c_l_rein,86,5,2,0,0,0,3,0
building_technical_details/gbl_bnd_prvd,15,building_technical_details/gbl_bnd/gbl_bnd_c_l_rein,86,6,1,0,0,0,3,0
building_technical_details/gbl_bnd_prvd,15,building_technical_details/gbl_bnd/gbl_bnd_c_l_rein,86,6,2,0,0,0,1,0
building_technical_details/rf_ng,16,building_technical_details/rf_ng/rf_ng_attic,88,2,2,0,0,0,2,0
building_technical_details/rf_ng,16,building_technical_details/rf_ng/rf_ng_attic,88,3,4,0,1,0,0,1
building_technical_details/rf_ng,16,building_technical_details/rf_ng/rf_ng_attic,88,5,2,0,0,0,3,0
building_technical_details/rf_ng,16,building_technical_details/rf_ng/rf_ng_attic,88,6,1,0,0,0,3,0
building_technical_details/rf_ng,16,building_technical_details/rf_ng/rf_ng_attic,88,6,2,0,0,0,1,0
building_technical_details/rf_ng,16,building_technical_details/rf_ng/rf_ng_c_l_brcd,91,2,2,0,0,0,2,0
building_technical_details/rf_ng,16,building_technical_details/rf_ng/rf_ng_c_l_brcd,91,3,4,0,1,0,0,1
building_technical_details/rf_ng,16,building_technical_details/rf_ng/rf_ng_c_l_brcd,91,5,2,0,0,0,3,0
building_technical_details/rf_ng,16,building_technical_details/rf_ng/rf_ng_c_l_brcd,91,6,1,0,0,0,3,0
building_technical_details/rf_ng,16,building_technical_details/rf_ng/rf_ng_c_l_brcd,91,6,2,0,0,0,1,0
building_technical_details/rf_ng,16,building_technical_details/rf_ng/rf_ng_c_l_conctd,90,2,2,0,0,0,2,0
building_technical_details/rf_ng,16,building_technical_details/rf_ng/rf_ng_c_l_conctd,90,3,4,0,1,0,0,1
building_technical_details/rf_ng,16,building_technical_details/rf_ng/rf_ng_c_l_conctd,90,5,2,0,0,0,3,0
building_technical_details/rf_ng,16,building_technical_details/rf_ng/rf_ng_c_l_conctd,90,6,1,0,0,0,3,0
building_technical_details/rf_ng,16,building_technical_details/rf_ng/rf_ng_c_l_conctd,90,6,2,0,0,0,1,0
building_technical_details/rf_ng,16,building_technical_details/rf_ng/rf_ng_c_l_lght,89,2,2,0,0,0,2,0
building_technical_details/rf_ng,16,building_technical_details/rf_ng/rf_ng_c_l_lght,89,3,4,1,0,0,0,1
building_technical_details/rf_ng,16,building_technical_details/rf_ng/rf_ng_c_l_lght,89,5,2,0,0,0,3,0
building_technical_details/rf_ng,16,building_technical_details/rf_ng/rf_ng_c_l_lght,89,6,1,0,0,0,3,0
building_technical_details/rf_ng,16,building_technical_details/rf_ng/rf_ng_c_l_lght,89,6,2,0,0,0,1,0
building_technical_details/construction_Mtrl,17,building_technical_details/construction_Mtrl/construction_Mtrl_c_l_thk,98,2,2,2,0,0,0,2
building_technical_details/construction_Mtrl,17,building_technical_details/construction_Mtrl/construction_Mtrl_c_l_thk,98,3,4,1,0,0,0,1
building_technical_details/construction_Mtrl,17,building_technical_details/construction_Mtrl/construction_Mtrl_c_l_thk,98,5,2,0,0,0,3,0
building_technical_details/construction_Mtrl,17,building_technical_details/construction_Mtrl/construction_Mtrl_c_l_thk,98,6,1,0,0,0,3,0
building_technical_details/construction_Mtrl,17,building_technical_details/construction_Mtrl/construction_Mtrl_c_l_thk,98,6,2,0,0,0,1,0
building_technical_details/rf_ng,16,building_technical_details/p_g_flr/c_l_p_g_flr_cc,96,2,2,0,0,0,2,0
building_technical_details/rf_ng,16,building_technical_details/p_g_flr/c_l_p_g_flr_cc,96,3,4,0,0,0,1,0
building_technical_details/rf_ng,16,building_technical_details/p_g_flr/c_l_p_g_flr_cc,96,5,2,0,0,0,3,0
building_technical_details/rf_ng,16,building_technical_details/p_g_flr/c_l_p_g_flr_cc,96,6,1,0,0,0,3,0
building_technical_details/rf_ng,16,building_technical_details/p_g_flr/c_l_p_g_flr_cc,96,6,2,1,0,0,0,1
building_technical_details/rf_ng,16,building_technical_details/p_g_flr/c_l_p_g_flr_cnti,97,2,2,0,0,0,2,0
building_technical_details/rf_ng,16,building_technical_details/p_g_flr/c_l_p_g_flr_cnti,97,3,4,0,0,0,1,0
building_technical_details/rf_ng,16,building_technical_details/p_g_flr/c_l_p_g_flr_cnti,97,5,2,0,0,0,3,0
building_technical_details/rf_ng,16,building_technical_details/p_g_flr/c_l_p_g_flr_cnti,97,6,1,0,0,0,3,0
building_technical_details/rf_ng,16,building_technical_details/p_g_flr/c_l_p_g_flr_cnti,97,6,2,1,0,0,0,1
building_technical_details/rf_ng,16,building_technical_details/p_g_flr/c_l_p_g_flr_os,93,2,2,0,0,0,2,0
building_technical_details/rf_ng,16,building_technical_details/p_g_flr/c_l_p_g_flr_os,93,3,4,0,0,0,1,0
building_technical_details/rf_ng,16,building_technical_details/p_g_flr/c_l_p_g_flr_os,93,5,2,0,0,0,3,0
building_technical_details/rf_ng,16,building_technical_details/p_g_flr/c_l_p_g_flr_os,93,6,1,0,0,0,3,0
building_technical_details/rf_ng,16,building_technical_details/p_g_flr/c_l_p_g_flr_os,93,6,2,1,0,0,0,1
building_technical_details/rf_ng,16,building_technical_details/p_g_flr/c_l_p_g_flr_renf,95,2,2,0,0,0,2,0
building_technical_details/rf_ng,16,building_technical_details/p_g_flr/c_l_p_g_flr_renf,95,3,4,0,0,0,1,0
building_technical_details/rf_ng,16,building_technical_details/p_g_flr/c_l_p_g_flr_renf,95,5,2,0,0,0,3,0
building_technical_details/rf_ng,16,building_technical_details/p_g_flr/c_l_p_g_flr_renf,95,6,1,0,0,0,3,0
building_technical_details/rf_ng,16,building_technical_details/p_g_flr/c_l_p_g_flr_renf,95,6,2,1,0,0,0,1
building_technical_details/rf_ng,16,building_technical_details/p_g_flr/c_l_p_g_flr_st,94,2,2,0,0,0,2,0
building_technical_details/rf_ng,16,building_technical_details/p_g_flr/c_l_p_g_flr_st,94,3,4,0,0,0,1,0
building_technical_details/rf_ng,16,building_technical_details/p_g_flr/c_l_p_g_flr_st,94,5,2,0,0,0,3,0
building_technical_details/rf_ng,16,building_technical_details/p_g_flr/c_l_p_g_flr_st,94,6,1,0,0,0,3,0
building_technical_details/rf_ng,16,building_technical_details/p_g_flr/c_l_p_g_flr_st,94,6,2,1,0,0,0,1
